{"cameraMode":{"drawMode":0,"name":"Shaded","section":"Shading Mode"},"sceneLighting":true,"audioPlay":false,"sceneViewState":{"showFog":false,"showMaterialUpdate":false,"showSkybox":false,"showFlares":false,"showImageEffects":false,"showParticleSystems":false},"in2DMode":false,"pivot":{"x":562.8502197265625,"y":170.3548126220703,"z":450.6685485839844},"rotation":{"x":0.33708637952804568,"y":0.434767484664917,"z":-0.1839163601398468,"w":0.8150514960289002},"size":21.61379623413086,"orthographic":false}