{"cameraMode":{"drawMode":0,"name":"Shaded","section":"Shading Mode"},"sceneLighting":true,"audioPlay":false,"sceneViewState":{"showFog":false,"showMaterialUpdate":false,"showSkybox":false,"showFlares":false,"showImageEffects":false,"showParticleSystems":false},"in2DMode":false,"pivot":{"x":386.89825439453127,"y":62.25121307373047,"z":510.4049377441406},"rotation":{"x":-0.2983134090900421,"y":0.5375900268554688,"z":-0.20922119915485383,"w":-0.7604458332061768},"size":62.21864318847656,"orthographic":false}