{"cameraMode":{"drawMode":0,"name":"Shaded","section":"Shading Mode"},"sceneLighting":true,"audioPlay":false,"sceneViewState":{"showFog":false,"showMaterialUpdate":false,"showSkybox":false,"showFlares":false,"showImageEffects":false,"showParticleSystems":false},"in2DMode":false,"pivot":{"x":361.6492919921875,"y":100.35242462158203,"z":599.6715698242188},"rotation":{"x":0.06405085325241089,"y":-0.43027156591415408,"z":0.02466547302901745,"w":0.9007706642150879},"size":13.780160903930664,"orthographic":false}