{"cameraMode":{"drawMode":0,"name":"Shaded","section":"Shading Mode"},"sceneLighting":true,"audioPlay":false,"sceneViewState":{"showFog":false,"showMaterialUpdate":false,"showSkybox":false,"showFlares":false,"showImageEffects":false,"showParticleSystems":false},"in2DMode":false,"pivot":{"x":646.2344970703125,"y":110.3006362915039,"z":505.94140625},"rotation":{"x":-0.20170538127422334,"y":-0.2549228370189667,"z":0.05634121224284172,"w":-0.9441789984703064},"size":4.117996692657471,"orthographic":false}