{"cameraMode":{"drawMode":0,"name":"Shaded","section":"Shading Mode"},"sceneLighting":true,"audioPlay":false,"sceneViewState":{"showFog":false,"showMaterialUpdate":false,"showSkybox":false,"showFlares":false,"showImageEffects":false,"showParticleSystems":false},"in2DMode":false,"pivot":{"x":450.80169677734377,"y":108.63325500488281,"z":500.3851318359375},"rotation":{"x":-0.30159786343574526,"y":0.46003955602645876,"z":-0.16725380718708039,"w":-0.818687379360199},"size":41.895660400390628,"orthographic":false}