{"cameraMode":{"drawMode":0,"name":"Shaded","section":"Shading Mode"},"sceneLighting":true,"audioPlay":false,"sceneViewState":{"showFog":true,"showMaterialUpdate":false,"showSkybox":true,"showFlares":true,"showImageEffects":true,"showParticleSystems":true},"in2DMode":false,"pivot":{"x":558.8045654296875,"y":137.00758361816407,"z":557.0794067382813},"rotation":{"x":0.15799149870872498,"y":-0.8281424045562744,"z":0.4544672667980194,"w":0.2876746654510498},"size":50.1172981262207,"orthographic":false}