{"cameraMode":{"drawMode":0,"name":"Shaded","section":"Shading Mode"},"sceneLighting":true,"audioPlay":false,"sceneViewState":{"showFog":false,"showMaterialUpdate":false,"showSkybox":false,"showFlares":false,"showImageEffects":false,"showParticleSystems":false},"in2DMode":false,"pivot":{"x":488.06475830078127,"y":40.32781982421875,"z":442.0665588378906},"rotation":{"x":-0.25247251987457278,"y":0.7482335567474365,"z":-0.45029208064079287,"w":-0.4167512059211731},"size":132.316650390625,"orthographic":false}