{"cameraMode":{"drawMode":0,"name":"Shaded","section":"Shading Mode"},"sceneLighting":true,"audioPlay":false,"sceneViewState":{"showFog":false,"showMaterialUpdate":false,"showSkybox":false,"showFlares":false,"showImageEffects":false,"showParticleSystems":false},"in2DMode":false,"pivot":{"x":596.48974609375,"y":112.35323333740235,"z":489.0744323730469},"rotation":{"x":-0.04238294064998627,"y":0.9485761523246765,"z":-0.28327956795692446,"w":-0.1359769105911255},"size":1.8104956150054932,"orthographic":false}