{"cameraMode":{"drawMode":0,"name":"Shaded","section":"Shading Mode"},"sceneLighting":true,"audioPlay":false,"sceneViewState":{"showFog":false,"showMaterialUpdate":false,"showSkybox":false,"showFlares":false,"showImageEffects":false,"showParticleSystems":false},"in2DMode":false,"pivot":{"x":479.8578186035156,"y":91.32469177246094,"z":509.64886474609377},"rotation":{"x":-0.299925833940506,"y":-0.3997679054737091,"z":0.14275477826595307,"w":-0.8548060059547424},"size":28.065324783325197,"orthographic":false}