{"cameraMode":{"drawMode":0,"name":"Shaded","section":"Shading Mode"},"sceneLighting":true,"audioPlay":false,"sceneViewState":{"showFog":true,"showMaterialUpdate":false,"showSkybox":true,"showFlares":true,"showImageEffects":true,"showParticleSystems":true},"in2DMode":false,"pivot":{"x":610.9317626953125,"y":70.53459930419922,"z":567.635498046875},"rotation":{"x":-0.2700793147087097,"y":0.5472250580787659,"z":-0.19210021197795869,"w":-0.768602192401886},"size":92.2551498413086,"orthographic":false}