{"cameraMode":{"drawMode":0,"name":"Shaded","section":"Shading Mode"},"sceneLighting":true,"audioPlay":false,"sceneViewState":{"showFog":false,"showMaterialUpdate":false,"showSkybox":false,"showFlares":false,"showImageEffects":false,"showParticleSystems":false},"in2DMode":false,"pivot":{"x":596.47998046875,"y":113.63162994384766,"z":489.07000732421877},"rotation":{"x":-0.22683562338352204,"y":-0.34144461154937746,"z":0.08724263310432434,"w":-0.9081118702888489},"size":24.24871063232422,"orthographic":false}