{"cameraMode":{"drawMode":0,"name":"Shaded","section":"Shading Mode"},"sceneLighting":true,"audioPlay":false,"sceneViewState":{"showFog":true,"showMaterialUpdate":false,"showSkybox":true,"showFlares":true,"showImageEffects":true,"showParticleSystems":true},"in2DMode":false,"pivot":{"x":624.8347778320313,"y":89.26492309570313,"z":500.3883972167969},"rotation":{"x":0.11024801433086395,"y":-0.6226261854171753,"z":0.08866571635007858,"w":0.7697222232818604},"size":54.404518127441409,"orthographic":false}