{"cameraMode":{"drawMode":0,"name":"Shaded","section":"Shading Mode"},"sceneLighting":true,"audioPlay":false,"sceneViewState":{"showFog":true,"showMaterialUpdate":false,"showSkybox":true,"showFlares":true,"showImageEffects":true,"showParticleSystems":true},"in2DMode":false,"pivot":{"x":644.4470825195313,"y":109.07909393310547,"z":506.65460205078127},"rotation":{"x":-0.0368180051445961,"y":0.7917199730873108,"z":-0.047721702605485919,"w":-0.6079532504081726},"size":28.11721420288086,"orthographic":false}