{"cameraMode":{"drawMode":0,"name":"Shaded","section":"Shading Mode"},"sceneLighting":true,"audioPlay":false,"sceneViewState":{"showFog":false,"showMaterialUpdate":false,"showSkybox":false,"showFlares":false,"showImageEffects":false,"showParticleSystems":false},"in2DMode":false,"pivot":{"x":617.6296997070313,"y":116.5157470703125,"z":500.4929504394531},"rotation":{"x":-0.021903645247220994,"y":-0.5734238624572754,"z":0.01745373010635376,"w":-0.8193041682243347},"size":10.94214916229248,"orthographic":false}