{"cameraMode":{"drawMode":0,"name":"Shaded","section":"Shading Mode"},"sceneLighting":true,"audioPlay":false,"sceneViewState":{"showFog":false,"showMaterialUpdate":false,"showSkybox":false,"showFlares":false,"showImageEffects":false,"showParticleSystems":false},"in2DMode":false,"pivot":{"x":477.5958557128906,"y":212.86192321777345,"z":513.9908447265625},"rotation":{"x":-0.008619630709290505,"y":0.697472095489502,"z":-0.7165703773498535,"w":0.00004853375139646232},"size":83.64051055908203,"orthographic":false}