{"cameraMode":{"drawMode":0,"name":"Shaded","section":"Shading Mode"},"sceneLighting":true,"audioPlay":false,"sceneViewState":{"showFog":false,"showMaterialUpdate":false,"showSkybox":false,"showFlares":false,"showImageEffects":false,"showParticleSystems":false},"in2DMode":false,"pivot":{"x":724.8665771484375,"y":52.499473571777347,"z":388.5130615234375},"rotation":{"x":-0.09933125972747803,"y":-0.8869712948799133,"z":0.2393132448196411,"w":-0.3835941255092621},"size":141.45993041992188,"orthographic":false}