{"cameraMode":{"drawMode":0,"name":"Shaded","section":"Shading Mode"},"sceneLighting":true,"audioPlay":false,"sceneViewState":{"showFog":true,"showMaterialUpdate":false,"showSkybox":true,"showFlares":true,"showImageEffects":true,"showParticleSystems":true},"in2DMode":false,"pivot":{"x":462.46905517578127,"y":110.56890106201172,"z":501.44305419921877},"rotation":{"x":-0.27831771969795229,"y":0.5046765208244324,"z":-0.17580872774124146,"w":-0.7981218099594116},"size":0.17284399271011353,"orthographic":false}