{"cameraMode":{"drawMode":0,"name":"Shaded","section":"Shading Mode"},"sceneLighting":true,"audioPlay":false,"sceneViewState":{"showFog":false,"showMaterialUpdate":false,"showSkybox":false,"showFlares":false,"showImageEffects":false,"showParticleSystems":false},"in2DMode":false,"pivot":{"x":589.7293090820313,"y":110.48664093017578,"z":489.83575439453127},"rotation":{"x":-0.0880330353975296,"y":0.7958676815032959,"z":-0.11641231179237366,"w":-0.5878312587738037},"size":7.0323309898376469,"orthographic":false}