{"cameraMode":{"drawMode":0,"name":"Shaded","section":"Shading Mode"},"sceneLighting":true,"audioPlay":false,"sceneViewState":{"showFog":false,"showMaterialUpdate":false,"showSkybox":false,"showFlares":false,"showImageEffects":false,"showParticleSystems":false},"in2DMode":false,"pivot":{"x":781.1370239257813,"y":110.86200714111328,"z":475.7181701660156},"rotation":{"x":0.1551288515329361,"y":0.6238564252853394,"z":-0.13189208507537843,"w":0.7551199793815613},"size":2.8118298053741457,"orthographic":false}