{"cameraMode":{"drawMode":0,"name":"Shaded","section":"Shading Mode"},"sceneLighting":true,"audioPlay":false,"sceneViewState":{"showFog":false,"showMaterialUpdate":false,"showSkybox":false,"showFlares":false,"showImageEffects":false,"showParticleSystems":false},"in2DMode":false,"pivot":{"x":548.7796020507813,"y":-56.15972900390625,"z":498.3319396972656},"rotation":{"x":-0.32587629556655886,"y":0.6171841025352478,"z":-0.309347003698349,"w":-0.6460892558097839},"size":158.63427734375,"orthographic":false}