{"cameraMode":{"drawMode":0,"name":"Shaded","section":"Shading Mode"},"sceneLighting":true,"audioPlay":false,"sceneViewState":{"showFog":false,"showMaterialUpdate":false,"showSkybox":false,"showFlares":false,"showImageEffects":false,"showParticleSystems":false},"in2DMode":false,"pivot":{"x":528.7412719726563,"y":105.07726287841797,"z":505.8671875},"rotation":{"x":0.16292627155780793,"y":-0.7805625796318054,"z":0.22493986785411836,"w":0.5599863529205322},"size":109.23304748535156,"orthographic":false}