{"cameraMode":{"drawMode":0,"name":"Shaded","section":"Shading Mode"},"sceneLighting":true,"audioPlay":false,"sceneViewState":{"showFog":false,"showMaterialUpdate":false,"showSkybox":false,"showFlares":false,"showImageEffects":false,"showParticleSystems":false},"in2DMode":false,"pivot":{"x":575.837646484375,"y":94.75032806396485,"z":490.50555419921877},"rotation":{"x":-0.4808141887187958,"y":0.52152419090271,"z":-0.5057340860366821,"w":-0.4918197989463806},"size":45.68947982788086,"orthographic":false}