{"cameraMode":{"drawMode":0,"name":"Shaded","section":"Shading Mode"},"sceneLighting":true,"audioPlay":false,"sceneViewState":{"showFog":true,"showMaterialUpdate":false,"showSkybox":true,"showFlares":true,"showImageEffects":true,"showParticleSystems":true},"in2DMode":false,"pivot":{"x":353.92462158203127,"y":103.40308380126953,"z":609.0694580078125},"rotation":{"x":-0.17813964188098908,"y":0.6980137228965759,"z":-0.1859666258096695,"w":-0.6682567000389099},"size":11.51409912109375,"orthographic":false}