{"cameraMode":{"drawMode":0,"name":"Shaded","section":"Shading Mode"},"sceneLighting":true,"audioPlay":false,"sceneViewState":{"showFog":false,"showMaterialUpdate":false,"showSkybox":false,"showFlares":false,"showImageEffects":false,"showParticleSystems":false},"in2DMode":false,"pivot":{"x":356.0585021972656,"y":100.50387573242188,"z":617.154541015625},"rotation":{"x":-0.1332002729177475,"y":0.7956042885780335,"z":-0.17675171792507173,"w":-0.5651307106018066},"size":4.3552422523498539,"orthographic":false}