{"cameraMode":{"drawMode":0,"name":"Shaded","section":"Shading Mode"},"sceneLighting":true,"audioPlay":false,"sceneViewState":{"showFog":true,"showMaterialUpdate":false,"showSkybox":true,"showFlares":true,"showImageEffects":true,"showParticleSystems":true},"in2DMode":false,"pivot":{"x":438.000244140625,"y":102.318603515625,"z":503.1134338378906},"rotation":{"x":-0.18695397675037385,"y":0.6832214593887329,"z":-0.18746401369571687,"w":-0.6805723905563355},"size":79.9838638305664,"orthographic":false}