{"cameraMode":{"drawMode":0,"name":"Shaded","section":"Shading Mode"},"sceneLighting":true,"audioPlay":false,"sceneViewState":{"showFog":false,"showMaterialUpdate":false,"showSkybox":false,"showFlares":false,"showImageEffects":false,"showParticleSystems":false},"in2DMode":false,"pivot":{"x":649.27197265625,"y":102.23017883300781,"z":521.8421020507813},"rotation":{"x":-0.13011977076530457,"y":0.6285648941993713,"z":-0.09967740625143051,"w":-0.7611637115478516},"size":58.754112243652347,"orthographic":false}