{"cameraMode":{"drawMode":0,"name":"Shaded","section":"Shading Mode"},"sceneLighting":true,"audioPlay":false,"sceneViewState":{"showFog":false,"showMaterialUpdate":false,"showSkybox":false,"showFlares":false,"showImageEffects":false,"showParticleSystems":false},"in2DMode":false,"pivot":{"x":596.48974609375,"y":112.35323333740235,"z":489.0744323730469},"rotation":{"x":-0.09313930571079254,"y":0.7256343364715576,"z":-0.6749504804611206,"w":-0.0977257788181305},"size":1.2104955911636353,"orthographic":false}