{"cameraMode":{"drawMode":0,"name":"Shaded","section":"Shading Mode"},"sceneLighting":true,"audioPlay":false,"sceneViewState":{"showFog":true,"showMaterialUpdate":false,"showSkybox":true,"showFlares":true,"showImageEffects":true,"showParticleSystems":true},"in2DMode":false,"pivot":{"x":507.45928955078127,"y":23.362159729003908,"z":449.1225891113281},"rotation":{"x":0.3585270047187805,"y":-0.49679315090179446,"z":0.23573069274425507,"w":0.7544676661491394},"size":148.02371215820313,"orthographic":false}