{"cameraMode":{"drawMode":0,"name":"Shaded","section":"Shading Mode"},"sceneLighting":true,"audioPlay":false,"sceneViewState":{"showFog":false,"showMaterialUpdate":false,"showSkybox":false,"showFlares":false,"showImageEffects":false,"showParticleSystems":false},"in2DMode":false,"pivot":{"x":733.3108520507813,"y":113.1902847290039,"z":404.93975830078127},"rotation":{"x":0.016753191128373147,"y":0.7472241520881653,"z":0.027990281581878663,"w":-0.663783073425293},"size":146.4695281982422,"orthographic":false}