{"cameraMode":{"drawMode":0,"name":"Shaded","section":"Shading Mode"},"sceneLighting":true,"audioPlay":false,"sceneViewState":{"showFog":false,"showMaterialUpdate":false,"showSkybox":false,"showFlares":false,"showImageEffects":false,"showParticleSystems":false},"in2DMode":false,"pivot":{"x":478.46875,"y":-18.655792236328126,"z":457.40399169921877},"rotation":{"x":-0.338922917842865,"y":0.6615564227104187,"z":-0.4526020288467407,"w":-0.4926189184188843},"size":175.3041229248047,"orthographic":false}