{"cameraMode":{"drawMode":0,"name":"Shaded","section":"Shading Mode"},"sceneLighting":true,"audioPlay":false,"sceneViewState":{"showFog":true,"showMaterialUpdate":false,"showSkybox":true,"showFlares":true,"showImageEffects":true,"showParticleSystems":true},"in2DMode":false,"pivot":{"x":634.9968872070313,"y":112.68341827392578,"z":506.7113952636719},"rotation":{"x":-0.21368996798992158,"y":0.7641592621803284,"z":-0.31215405464172366,"w":-0.5224804282188416},"size":53.552650451660159,"orthographic":false}