{"cameraMode":{"drawMode":0,"name":"Shaded","section":"Shading Mode"},"sceneLighting":true,"audioPlay":false,"sceneViewState":{"showFog":true,"showMaterialUpdate":false,"showSkybox":true,"showFlares":true,"showImageEffects":true,"showParticleSystems":true},"in2DMode":false,"pivot":{"x":691.0681762695313,"y":83.221923828125,"z":609.9310913085938},"rotation":{"x":-0.23553095757961274,"y":0.6455966234207153,"z":-0.21967627108097077,"w":-0.6925179958343506},"size":61.91950225830078,"orthographic":false}