{"cameraMode":{"drawMode":0,"name":"Shaded","section":"Shading Mode"},"sceneLighting":true,"audioPlay":false,"sceneViewState":{"showFog":true,"showMaterialUpdate":false,"showSkybox":true,"showFlares":true,"showImageEffects":true,"showParticleSystems":true},"in2DMode":false,"pivot":{"x":605.672119140625,"y":114.8655014038086,"z":501.2347412109375},"rotation":{"x":0.09230382740497589,"y":0.5321235656738281,"z":-0.05850156769156456,"w":0.8395848274230957},"size":13.905224800109864,"orthographic":false}