{"cameraMode":{"drawMode":0,"name":"Shaded","section":"Shading Mode"},"sceneLighting":true,"audioPlay":false,"sceneViewState":{"showFog":true,"showMaterialUpdate":false,"showSkybox":true,"showFlares":true,"showImageEffects":true,"showParticleSystems":true},"in2DMode":false,"pivot":{"x":703.1576538085938,"y":120.54570770263672,"z":204.2151641845703},"rotation":{"x":0.10899828374385834,"y":-0.8762180805206299,"z":0.2348630577325821,"w":0.4065227210521698},"size":856.7205200195313,"orthographic":false}