{"cameraMode":{"drawMode":0,"name":"Shaded","section":"Shading Mode"},"sceneLighting":true,"audioPlay":false,"sceneViewState":{"showFog":true,"showMaterialUpdate":false,"showSkybox":true,"showFlares":true,"showImageEffects":true,"showParticleSystems":true},"in2DMode":false,"pivot":{"x":354.6116943359375,"y":99.44258117675781,"z":618.06689453125},"rotation":{"x":-0.24591869115829469,"y":0.41992998123168948,"z":-0.11940239369869232,"w":-0.86540687084198},"size":6.951638698577881,"orthographic":false}