{"cameraMode":{"drawMode":0,"name":"Shaded","section":"Shading Mode"},"sceneLighting":true,"audioPlay":false,"sceneViewState":{"showFog":true,"showMaterialUpdate":false,"showSkybox":true,"showFlares":true,"showImageEffects":true,"showParticleSystems":true},"in2DMode":false,"pivot":{"x":364.25360107421877,"y":12.289764404296875,"z":475.3151550292969},"rotation":{"x":0.16692832112312318,"y":-0.7767460942268372,"z":0.23087738454341889,"w":0.5617287755012512},"size":164.25096130371095,"orthographic":false}